{
  "sdf_mean": 6.083368301391602,
  "sdf_std": 18.474445343017578,
  "u_mean": 8.67075432324782e-05,
  "u_std": 0.0037846264895051718,
  "v_mean": -0.045980777591466904,
  "v_std": 0.1509522646665573,
  "p_mean": 30.843217849731445,
  "p_std": 41.470001220703125,
  "hr_min": 63.0,
  "hr_max": 102.0,
  "sbp_min": 105.0,
  "sbp_max": 134.0,
  "dbp_min": 61.0,
  "dbp_max": 93.0,
  "phase_period": 12
}